,Tweet,is Alert
0,This hard-working lifestyle is daunting and my anxiety is at its peek üò£üò£,alert
1,"I am depressed .I am sad ,I want to end my  life and kill myself",alert
2,i hate it. i want to kill myself,alert
3,I am depressed.I want to die and kill myself,alert
4,My life is such a difficult one. I hate it. Karma is a bitch. This is such an abysmal life.,alert
5,"lyin in bed, up faaaaar too early",alert
6,"lyin in bed, up faaaaar too early",alert
7,my life is destroyed feel like killing my self . don't want to live anymore. # depressed,alert
8,i hate this feeling. #sad,alert
9,"I'm a horrible fucking person and I can't even tell anyone why. If I did, then would just confirm it",alert
10,I want to be dead. I don't want to turn 20. I'm sick of being myself,alert
11,I'm ugly. I'm fat. I'm lonely. I'm useless. I'm pathetic. I'm always the ugly friend. I'm always the third wheel. I hate myself.,alert
12,Let me bleed red until its all I can see. Let me drown in my damn misery.,alert
13,"when i‚Äôm hurt, i shut down, i turn into a total bitch i shut off my emotions i act differently towards everything and everyone and i hate it",alert
14,"RT @BeyondBrokenDep: when i‚Äôm hurt, i shut down, i turn into a total bitch i shut off my emotions i act differently towards everything and‚Ä¶",alert
15,RT @BeyondBrokenDep: do you know that feeling when you can actually feel the pain in your chest from hearing something or seeing something‚Ä¶,No alert
16,I miss my puppy,alert
17,What do you do when depression succumbs the brain and makes you feel like you'll never be enough?,alert
18,depression: i'm always here for u,alert
19,what an absolutely shit day. Sick of my life taking shots at me every fucking day. The point of me trying is supposed to make effort not dig me deeper into depression üôÅüôÅ,alert
20,Is miserable  i feel like im gona cry  sux!,alert
21,HATE CANCER. I HATE IT I HATE IT I HATE IT.,alert
22,Your lack of dedication is an insult to those who believe in you.,No alert
23,"As tears stream down my face, what have I done? I have become the void... I feel the cold embrace creeping in. My demons consume the last piece of humanity within... #Savage #Dark #Darkness",alert
24,""" It's a lonely road ""
#lonely
#melancholy",alert
25,"Ever feel really guilty about cutting someone off, even though it had an immediate, and lasting, effect?",alert
26,I‚Äôm sorry that the sunshine has gone. It‚Äôs my fault. I made a selfish bedtime wish for clouds due to having a presentation to finish and reference #guilt,alert
27,Some days I really wish I could just take a week off of everything and just do nothing. #stressed,alert
28,"When life only seems to get harder and harder, and then something that was normal for you becomes the hardest thing ever. That's when the bad things happen. That's when your blood boils and you break. The rage takes over... #darkquotes #Bloodfury",No alert
29,sometimes you just need to cry to let out some of the emotion #sad #quotes #broken,alert
30,"why is it so easy to kill our happiness but so hard to kill our sadness? 

#sad #quote",alert
31,Hit me in the feels. This is why my PTSD wont let me work.,alert
32,I am so damn sick of my parents and grandparents making homophobic comments out of nowhere. Makes my blood boil. #angry,alert
33,I am mad for no reason,alert
34,I have just received news that one of the doctors I know has committed suicide.  A very experienced specialist.  Drs are just human beings just like anyone. The unreasonable expectations the world puts on them is just too much load to carry.,alert
35,Everyday is a struggle lately.,alert
