word,score
abandon,-2
abandoned,-2
abandonment,-2
abandons,-2
abuse,-4
abused,-4
abuser,-4
abusers,-4
abuses,-4
abusing,-4
abusive,-4
abusively,-4
abusiveness,-4
ache,-2
ached,-2
aches,-2
aching,-2
admirable,3
admirably,3
admiral,3
admirals,3
admiration,3
admire,3
admired,3
admirer,3
admirers,3
admires,3
admiring,3
admiringly,3
adorable,4
adorably,4
adoration,4
adore,4
adored,4
adorer,4
adorers,4
adores,4
adoring,4
adoringly,4
adorn,4
adorned,4
adorning,4
adornment,4
adornments,4
adorns,4
advantage,2
advantaged,2
advantageous,2
advantageously,2
advantages,2
adventure,1
adventured,1
adventurer,1
adventurers,1
adventures,1
adventuring,1
adventurism,1
adventurous,1
adventurously,1
adversarial,-2
adversaries,-2
adversary,-2
adverse,-2
adversely,-2
adversities,-2
adversity,-2
affection,3
affectionate,3
affectionately,3
affections,3
afraid,-4
aggravate,-3
aggravated,-3
aggravates,-3
aggravating,-3
aggravation,-3
aggravations,-3
aggression,-3
aggressions,-3
aggressive,-3
aggressively,-3
aggressiveness,-3
aggressor,-3
aggressors,-3
agitate,-2
agitated,-2
agitatedly,-2
agitates,-2
agitating,-2
agitation,-2
agitations,-2
agitator,-2
agitators,-2
agony,-4
agreeable,1
agreeableness,1
agreeably,1
alarm,-3
alarmed,-3
alarming,-3
alarmingly,-3
alarmism,-3
alarmist,-3
alarms,-3
alone,-1
amaze,3
amazed,3
amazement,3
amazes,3
amazing,3
amazingly,3
amazon,3
amazons,3
amoral,2
amorality,2
amorist,2
amorous,2
amorously,2
amorphous,2
amortisation,2
amortise,2
amortised,2
amuse,2
amused,2
amusement,2
amusements,2
amuses,2
amusing,2
amusingly,2
anger,-4
angered,-4
angering,-4
angers,-4
angrier,-4
angriest,-4
angrily,-4
angry,-4
anguish,-4
anguished,-4
anguishes,-4
annoy,-3
annoyance,-3
annoyances,-3
annoyed,-3
annoyer,-3
annoyers,-3
annoying,-3
annoyingly,-3
annoys,-3
antagonise,-2
antagonised,-2
antagonises,-2
antagonising,-2
antagonism,-2
antagonisms,-2
antagonist,-2
antagonistic,-2
antagonists,-2
anxieties,-2
anxiety,-2
anxious,-2
anxiously,-2
apathetic,-2
apathetically,-2
apathy,-2
appalled,-4
appalling,-4
appallingly,-4
appreciate,2
appreciated,2
appreciates,2
appreciating,2
appreciation,2
appreciations,2
appreciative,2
appreciatively,2
apprehension,-3
apprehensions,-3
apprehensive,-3
apprehensively,-3
arguable,-2
arguably,-2
argue,-2
argued,-2
arguer,-2
arguers,-2
argues,-2
arguing,-2
argument,-2
argumentation,-2
argumentative,-2
argumentatively,-2
arguments,-2
argus,-2
arrogance,-3
arrogant,-3
arrogantly,-3
ashamed,-4
ashamedly,-4
assault,-3
assaulted,-3
assaulting,-3
assaults,-3
attachment,1
attachments,1
attack,-3
attacked,-3
attacker,-3
attackers,-3
attacking,-3
attacks,-3
attract,2
attracted,2
attracting,2
attraction,2
attractions,2
attractive,2
attractively,2
attractiveness,2
attractor,2
attractors,2
attracts,2
aversion,-3
aversions,-3
aversive,-3
avoid,-1
avoidable,-1
avoidance,-1
avoided,-1
avoiding,-1
avoids,-1
award,1
awarded,1
awarding,1
awards,1
awesome,3
awful,-4
awkward,-2
awkwardest,-2
awkwardly,-2
awkwardness,-2
baby,2
babyface,2
babyhood,2
babying,2
babyish,2
babylon,2
babysit,2
babysitter,2
babysitters,2
babysitting,2
bad,-2
baddy,-2
bade,-2
bader,-2
badge,-2
badged,-2
badger,-2
badgered,-2
badgering,-2
badgers,-2
badges,-2
badinage,-2
badlands,-2
badly,-2
badminton,-2
badness,-2
badtempered,-2
bashful,-3
bashfully,-3
bashfulness,-3
bastard,-3
bastardisation,-3
bastardise,-3
bastardised,-3
bastards,-3
bastardy,-3
battle,-2
battleaxe,-2
battlecry,-2
battled,-2
battledress,-2
battlefield,-2
battlefields,-2
battleground,-2
battlegrounds,-2
battlement,-2
battlemented,-2
battlements,-2
battler,-2
battlers,-2
battles,-2
battleship,-2
battleships,-2
battling,-2
beaten,-1
beauteous,3
beautician,3
beauties,3
beautified,3
beautifier,3
beautifiers,3
beautifies,3
beautiful,3
beautifully,3
beautify,3
beauts,3
beauty,3
beloved,3
benefice,2
beneficence,2
beneficent,2
beneficial,2
beneficially,2
beneficiaries,2
beneficiary,2
benefit,2
benefited,2
benefiting,2
benefits,2
benefits,2
benevolence,2
benevolent,2
benevolently,2
benign,2
benignity,2
benignly,2
best,2
bestial,2
bestiality,2
bestiary,2
bestir,2
bestirred,2
bestirring,2
bestknown,2
bestow,2
bestowal,2
bestowals,2
bestowed,2
bestowing,2
bestows,2
bestride,2
bestrode,2
bests,2
bestseller,2
bestsellers,2
bestselling,2
bitch,-2
bitches,-2
bitchiness,-2
bitching,-2
bitchy,-2
bitter,-2
bitterest,-2
bitterly,-2
bittern,-2
bitterness,-2
bitters,-2
bittersweet,-2
blame,-2
blameable,-2
blamed,-2
blameful,-2
blameless,-2
blamelessly,-2
blamelessness,-2
blames,-2
blameworthy,-2
blaming,-2
bless,2
blessed,2
blessedness,2
blesses,2
blessing,2
blessings,2
bonus,1
bonuses,1
bore,-2
boreal,-2
bored,-2
boredom,-2
borehole,-2
boreholes,-2
borer,-2
borers,-2
bores,-2
boring,-2
boringly,-2
bother,-1
bothered,-1
bothering,-1
bothers,-1
bothersome,-1
brave,3
braved,3
bravely,3
braver,3
bravery,3
braves,3
bravest,3
brilliance,2
brilliancy,2
brilliant,2
brilliantly,2
broke,-1
broken,-1
brokenhearted,-1
brokenly,-1
broker,-1
brokerage,-1
brokered,-1
brokers,-1
brutal,-3
brutalisation,-3
brutalise,-3
brutalised,-3
brutalising,-3
brutalism,-3
brutalities,-3
brutality,-3
brutally,-3
bum,-2
bumble,-2
bumbled,-2
bumbler,-2
bumblers,-2
bumbles,-2
bumbling,-2
bump,-2
bumped,-2
bumper,-2
bumpers,-2
bumpier,-2
bumpiest,-2
bumping,-2
bumpkin,-2
bumpkins,-2
bumps,-2
bumptious,-2
bumpy,-2
bums,-2
burden,-1
burdened,-1
burdening,-1
burdens,-1
burdensome,-1
calm,2
calmed,2
calmer,2
calmest,2
calming,2
calmly,2
calmness,2
calms,2
care,2
cared,2
career,2
careered,2
careering,2
careerism,2
careerist,2
careerists,2
careers,2
carefree,2
careful,2
carefully,2
carefulness,2
careless,2
carelessly,2
carelessness,2
carer,2
carers,2
cares,2
caress,2
caressed,2
caresses,2
caressing,2
caressingly,2
caretaker,2
caretakers,2
carets,2
careworn,2
cared,2
carefree,2
careless,-2
carelessly,-2
carelessness,-2
cares,2
caress,2
caressed,2
caresses,2
caressing,2
caressingly,2
caring,3
charm,2
charmed,2
charmer,2
charmers,2
charming,2
charmingly,2
charmless,2
charms,2
cheat,-3
cheated,-3
cheater,-3
cheaters,-3
cheating,-3
cheats,-3
cheer,2
cheered,2
cheerful,2
cheerfully,2
cheerfulness,2
cheerier,2
cheeriest,2
cheerily,2
cheering,2
cheerio,2
cheerleader,2
cheerleaders,2
cheerless,2
cheerlessness,2
cheers,2
cheery,2
cherish,3
cherished,3
cherishes,3
cherishing,3
chuckle,3
chuckled,3
chuckles,3
chuckling,3
clever,1
cleverer,1
cleverest,1
cleverly,1
cleverness,1
comedian,1
comedians,1
comedies,1
comedown,1
comedy,1
comfort,1
comfortable,1
comfortably,1
comforted,1
comforter,1
comforters,1
comforting,1
comfortingly,1
comforts,1
compassion,2
compassionate,2
compassionately,2
complain,-2
complainant,-2
complainants,-2
complained,-2
complainer,-2
complaining,-2
complainingly,-2
complains,-2
complaint,-2
complaints,-2
compliment,2
complimentary,2
complimented,2
complimenting,2
compliments,2
confidence,2
confidences,2
confident,2
confidential,2
confidentiality,2
confidentially,2
confidently,2
confidently,2
confront,-3
confrontation,-3
confrontational,-3
confrontations,-3
confronted,-3
confronting,-3
confronts,-3
confusable,-2
confuse,-2
confused,-2
confusedly,-2
confuser,-2
confuses,-2
confusing,-2
confusingly,-2
confusion,-2
confusions,-2
considerate,2
considerately,2
contempt,-4
contemptible,-4
contemptibly,-4
contemptuous,-4
contemptuously,-4
contented,2
contentedly,2
contentment,1
contradict,-2
contradicted,-2
contradicting,-2
contradiction,-2
contradictions,-2
contradictorily,-2
contradictory,-2
contradicts,-2
cool,2
coolant,2
coolants,2
cooled,2
cooler,2
coolers,2
coolest,2
cooling,2
coolness,2
cools,2
coolest,3
courage,2
courageous,2
courageously,2
crap,-3
craze,-1
crazed,-1
crazes,-1
crazier,-1
craziest,-1
crazily,-1
craziness,-1
crazy,-1
cried,-4
cries,-3
critical,-2
critically,-2
criticise,-2
criticised,-2
criticises,-2
criticising,-2
criticism,-2
criticisms,-2
crude,-2
crudely,-2
crudeness,-2
cruder,-2
crudest,-2
cruel,-4
crueler,-4
cruelest,-4
crueller,-4
cruellest,-4
cruelly,-4
cruelness,-4
cruelties,-4
cruelty,-4
crushed,-1
cry,-4
crying,-4
cryings,-4
cryogenic,-4
cryogenics,-4
cryostat,-4
crypt,-4
cryptanalysis,-4
cryptanalyst,-4
cryptanalytic,-4
cryptic,-4
cryptically,-4
cryptogram,-4
cryptographer,-4
cryptographers,-4
cryptographic,-4
cryptographically,-4
cryptography,-4
cryptology,-4
crypts,-4
crystal,-4
crystalclear,-4
crystalline,-4
crystallisation,-4
crystallise,-4
crystallised,-4
crystallises,-4
crystallising,-4
crystallographer,-4
crystallographers,-4
crystallographic,-4
crystallography,-4
crystals,-4
crying,-4
cryings,-4
cute,2
cutely,2
cuteness,2
cutest,2
cynic,-2
cynical,-2
cynically,-2
cynicism,-2
cynics,-2
damage,-1
damaged,-1
damages,-1
damaging,-1
damagingly,-1
damn,-1
damnable,-1
damnably,-1
damnation,-1
damned,-1
damnify,-1
damning,-1
damningly,-1
damns,-1
danger,-1
dangerous,-1
dangerously,-1
dangerousness,-1
dangers,-1
daring,1
daringly,1
darling,3
darlings,3
daze,-2
dazed,-2
dazedly,-2
dear,2
dearer,2
dearest,2
dearie,2
dearies,2
dearly,2
dearness,2
dears,2
dearth,2
deary,2
decay,-1
decayed,-1
decaying,-1
decays,-1
defeat,-1
defeated,-1
defeater,-1
defeating,-1
defeatism,-1
defeatist,-1
defeats,-1
defect,-1
defected,-1
defecting,-1
defection,-1
defections,-1
defective,-1
defectiveness,-1
defectives,-1
defector,-1
defectors,-1
defects,-1
defence,-1
defenceless,-1
defencelessness,-1
defences,-1
degradable,-2
degradation,-2
degradations,-2
degrade,-2
degraded,-2
degrades,-2
degrading,-2
delectable,3
delicious,3
deliciously,3
delight,3
delighted,3
delightedly,3
delightful,3
delightfully,3
delighting,3
delights,3
depress,-4
depressant,-4
depressants,-4
depressed,-4
depresses,-4
depressing,-4
depressingly,-4
depression,-4
depressions,-4
depressive,-4
depressives,-4
deprivation,-1
deprivations,-1
deprive,-1
deprived,-1
deprives,-1
depriving,-1
despair,-4
despaired,-4
despairing,-4
despairingly,-4
despairs,-4
desperate,-3
desperately,-3
desperation,-3
despisal,-4
despise,-4
despised,-4
despises,-4
despising,-4
destroy,-3
destroyable,-3
destroyed,-3
destroyer,-3
destroyers,-3
destroying,-3
destroys,-3
destruct,-1
destruction,-1
destructive,-1
destructively,-1
destructiveness,-1
determinable,1
determinacy,1
determinant,1
determinants,1
determinate,1
determinately,1
determination,1
determinations,1
determinative,1
determined,1
determinedly,1
devastate,-3
devastated,-3
devastating,-3
devastatingly,-3
devastation,-3
devil,-1
devilish,-1
devilishly,-1
devilled,-1
devilment,-1
devilry,-1
devils,-1
devote,3
devoted,3
devotedly,3
devotedness,3
devotee,3
devotees,3
devotes,3
devoting,3
devotion,3
devotional,3
devotions,3
difficult,-1
difficulties,-1
difficulty,-1
dignified,2
dignify,2
dignifying,2
dignitaries,2
dignitary,2
dignities,2
dignity,2
disadvantage,-2
disadvantaged,-2
disadvantageous,-2
disadvantageously,-2
disadvantages,-2
disagree,-2
disagreeable,-2
disagreeably,-2
disagreed,-2
disagreeing,-2
disagreement,-2
disagreements,-2
disagrees,-2
disappoint,-2
disappointed,-2
disappointing,-2
disappointingly,-2
disappointment,-2
disappointments,-2
disappoints,-2
disaster,-1
disasters,-1
discomfort,-2
discomforting,-2
discomforts,-2
discourage,-1
discouraged,-1
discouragement,-1
discouragements,-1
discourages,-1
discouraging,-1
discouragingly,-1
disgust,-4
disgusted,-4
disgustedly,-4
disgusting,-4
disgustingly,-4
disgusts,-4
disheartened,-2
disheartening,-2
disillusion,-2
disillusioned,-2
disillusioning,-2
disillusionment,-2
dislike,-3
disliked,-3
dislikes,-3
disliked,-3
dislikes,-3
disliking,-3
dismay,-3
dismayed,-3
dismaying,-3
dismays,-3
dissatisfaction,-2
dissatisfactions,-2
dissatisfied,-2
dissatisfies,-2
dissatisfy,-2
dissatisfying,-2
distract,-1
distracted,-1
distractedly,-1
distractedness,-1
distracting,-1
distractingly,-1
distraction,-1
distractions,-1
distracts,-1
distraught,-4
distress,-3
distressed,-3
distresses,-3
distressing,-3
distressingly,-3
distrust,-2
distrusted,-2
distrustful,-2
distrustfully,-2
distrusting,-2
distrusts,-2
disturb,-1
disturbance,-1
disturbances,-1
disturbed,-1
disturbing,-1
disturbingly,-1
disturbs,-1
divination,2
divine,2
divined,2
divinely,2
diviner,2
divines,2
divinest,2
diving,2
divining,2
divinities,2
divinity,2
doom,-2
doomed,-2
dooming,-2
dooms,-2
doomsday,-2
doubt,-2
doubted,-2
doubter,-2
doubters,-2
doubtful,-2
doubtfully,-2
doubting,-2
doubtingly,-2
doubtless,-2
doubtlessly,-2
doubts,-2
dread,-4
dreaded,-4
dreadful,-4
dreadfully,-4
dreadfulness,-4
dreading,-4
dreadlocks,-4
dreadnought,-4
dreads,-4
dull,-2
dullard,-2
dullards,-2
dulled,-2
duller,-2
dullest,-2
dulling,-2
dullness,-2
dulls,-2
dully,-2
dumb,-1
dumbbell,-1
dumber,-1
dumbest,-1
dumbfound,-1
dumbfounded,-1
dumbfounding,-1
dumbfounds,-1
dumbly,-1
dumbness,-1
dumbstruck,-1
dump,-1
dumped,-1
dumper,-1
dumping,-1
dumpling,-1
dumplings,-1
dumps,-1
dumpy,-1
dwell,-1
dwelled,-1
dweller,-1
dwellers,-1
dwelling,-1
dwellings,-1
dwells,-1
dynamic,1
dynamical,1
dynamically,1
dynamics,1
dynamism,1
dynamite,1
dynamited,1
dynamo,1
eager,1
eagerly,1
eagerness,1
ease,1
eased,1
easel,1
easels,1
easement,1
easements,1
eases,1
easier,1
easiest,1
easily,1
easiness,1
easing,1
easy,1
easygoing,1
ecstasies,4
ecstasy,4
ecstatic,4
ecstatically,4
egotism,-3
egotist,-3
egotistic,-3
egotistical,-3
egotistically,-3
egotists,-3
elegance,2
elegant,2
elegantly,2
embarrass,-3
embarrassed,-3
embarrassedly,-3
embarrasses,-3
embarrassing,-3
embarrassingly,-3
embarrassment,-3
embarrassments,-3
emotional,-2
emptied,-1
emptier,-1
empties,-1
emptiest,-1
emptily,-1
emptiness,-1
empty,-1
emptyhanded,-1
emptying,-1
encourage,2
encouraged,2
encouragement,2
encouragements,2
encourager,2
encourages,2
encouraging,2
encouragingly,2
enemies,-2
enemy,-2
energetic,1
energetically,1
energetics,1
energies,1
energise,1
energised,1
energiser,1
energisers,1
energising,1
energy,1
engage,1
engaged,1
engagement,1
engagements,1
engages,1
engaging,1
engagingly,1
enjoy,3
enjoyability,3
enjoyable,3
enjoyably,3
enjoyed,3
enjoyer,3
enjoying,3
enjoyment,3
enjoyments,3
enjoys,3
enrage,-4
enraged,-4
enrages,-4
enraging,-4
enthuse,3
enthused,3
enthuses,3
enthusiasm,3
enthusiasms,3
enthusiast,3
enthusiastic,3
enthusiastically,3
enthusiasts,3
enthusing,3
envied,-3
envies,-3
envious,-3
envy,-3
envying,-3
evil,-3
evildoer,-3
evilly,-3
evilness,-3
evils,-3
excel,2
excelled,2
excellence,2
excellencies,2
excellency,2
excellent,2
excellently,2
excelling,2
excels,2
excelsior,2
excitability,3
excitable,3
excitation,3
excitations,3
excite,3
excited,3
excitedly,3
excitement,3
excitements,3
excites,3
exciting,3
excitingly,3
exciton,3
excruciating,-5
excruciatingly,-5
excruciation,-5
exhaust,-2
exhausted,-2
exhaustible,-2
exhausting,-2
exhaustion,-2
exhaustive,-2
exhaustively,-2
exhausts,-2
fab,3
fabulous,3
fabulously,3
fail,-2
failed,-2
failing,-2
failings,-2
fails,-2
failure,-2
failures,-2
faith,2
faithful,2
faithfully,2
faithfulness,2
faithless,2
faithlessness,2
faiths,2
fake,-2
fantastic,3
fatal,-3
fatalism,-3
fatalist,-3
fatalistic,-3
fatalistically,-3
fatalities,-3
fatality,-3
fatally,-3
fatigue,-3
fatigued,-3
fatigues,-3
fatiguing,-3
fault,-2
faulted,-2
faulting,-2
faultless,-2
faultlessly,-2
faults,-2
faulty,-2
favour,2
favourable,2
favourably,2
favoured,2
favouring,2
favourite,2
favourites,2
favouritism,2
favours,2
fear,-4
feared,-3
fearful,-3
fearfully,-3
fearfulness,-3
fearing,-3
fearless,2
fearlessly,2
fearlessness,2
fears,-3
ferocious,-2
ferociously,-2
ferociousness,-2
ferocity,-2
festival,1
festivals,1
festive,1
festivities,1
festivity,1
feud,-2
feudal,-2
feudalism,-2
feuded,-2
feuding,-2
feudist,-2
feuds,-2
fiery,-2
fiesta,1
fiestas,1
fight,-3
fightback,-3
fighter,-3
fighters,-3
fighting,-3
fights,-3
fine,3
fired,-3
flame,-3
flamed,-3
flawless,2
flawlessly,2
flexibilities,1
flexibility,1
flexible,1
flexibly,1
flirt,2
flirtation,2
flirtations,2
flirtatious,2
flirtatiously,2
flirted,2
flirting,2
flirts,2
flunked,-3
foe,-3
foehns,-3
foes,-3
foetal,-3
foetid,-3
foetus,-3
foetuses,-3
fond,3
fondly,3
fondness,3
fool,-2
fooled,-2
foolery,-2
foolhardily,-2
foolhardiness,-2
foolhardy,-2
fooling,-2
foolish,-2
foolishly,-2
foolishness,-2
foolproof,-2
fools,-2
foolscap,-2
forbid,-1
forbidden,-1
forbidding,-1
forbiddingly,-1
forbids,-1
forgave,2
forgivable,2
forgive,2
forgiven,2
forgiveness,2
forgives,2
forgiving,2
fought,-3
frantic,-1
frantically,-1
freak,-2
freaked,-2
freakish,-2
freaks,-2
freaky,-2
fright,-4
frighted,-4
frighten,-4
frightened,-4
frighteners,-4
frightening,-4
frighteningly,-4
frightens,-4
frightful,-4
frightfully,-4
frights,-4
frustrate,-3
frustrated,-3
frustratedly,-3
frustrates,-3
frustrating,-3
frustratingly,-3
frustration,-3
frustrations,-3
fume,-3
fumed,-3
fumes,-3
fuming,-4
fun,2
funnel,2
funnelled,2
funnelling,2
funnels,2
funnier,2
funnies,2
funniest,2
funnily,2
funny,2
furious,-4
furiously,-4
fury,-4
geek,-1
geeks,-1
generosities,2
generosity,2
generous,2
generously,2
gentle,2
gentler,3
gentlest,3
gently,2
giggle,3
giggled,3
giggles,3
giggling,3
giggly,3
glad,2
gladly,2
glamorous,2
glamour,2
gloom,-3
gloomful,-3
gloomier,-3
gloomiest,-3
gloomily,-3
gloominess,-3
glooms,-3
gloomy,-3
gloried,2
glories,2
glorification,2
glorified,2
glorifies,2
glorify,2
glorifying,2
glorious,2
gloriously,2
glory,2
good,2
goodness,2
gorgeous,3
gorgeously,3
gorgeousness,3
gossip,-1
gossiped,-1
gossiping,-1
gossips,-1
gossipy,-1
grace,3
graced,2
graceful,3
gracefully,3
gracefulness,3
graces,2
gracing,2
gracious,2
graciously,2
graciousness,2
grand,2
grandee,2
grandees,2
grander,2
grandest,2
grandeur,2
grateful,2
gratefully,2
graticule,2
gratification,2
gratifications,2
gratified,2
gratifies,2
gratify,2
gratifying,2
gratifyingly,2
grating,2
gratings,2
gratis,2
gratitude,2
grave,-3
gravedigger,-3
gravediggers,-3
gravel,-3
gravelled,-3
gravelly,-3
gravels,-3
gravely,-3
graven,-3
graver,-3
graves,-3
graveside,-3
gravest,-3
gravestone,-3
gravestones,-3
graveyard,-3
graveyards,-3
great,3
greed,-3
greedier,-3
greediest,-3
greedily,-3
greediness,-3
greeds,-3
greedy,-3
grief,-4
grievance,-4
grievances,-4
grieve,-4
grieved,-4
griever,-4
grievers,-4
grieves,-4
grieving,-4
grievous,-4
grievously,-4
grim,-3
grimace,-3
grimaced,-3
grimaces,-3
grimacing,-3
grime,-3
grimiest,-3
grimly,-3
grimm,-3
grimmer,-3
grimmest,-3
grimness,-3
grimy,-3
grin,2
grinned,2
grinner,2
grinning,2
grins,2
gross,-2
grossed,-2
grosser,-2
grossest,-2
grossly,-2
grossness,-2
grouch,-2
grouchy,-2
guilt,-4
guiltier,-4
guiltiest,-4
guiltily,-4
guiltiness,-4
guiltless,-4
guilts,-4
guilty,-4
hack,-2
haha,2
handsome,2
handsomely,2
handsomeness,2
handsomer,2
handsomest,2
happier,3
happiest,3
happily,3
happiness,3
happy,2
harass,-3
harassed,-3
harassers,-3
harasses,-3
harassing,-3
harassment,-3
harm,-3
harmed,-3
harmful,-2
harmfully,-2
harmfulness,-2
harming,-3
harmless,2
harmlessly,2
harmlessness,2
harmonic,2
harmonica,2
harmonically,2
harmonics,2
harmonies,2
harmonious,2
harmoniously,2
harmonisation,2
harmonise,2
harmonised,2
harmonising,2
harmonium,2
harmony,2
harms,-3
hate,-4
hated,-4
hateful,-4
hatefully,-4
hater,-4
haters,-4
hates,-4
hating,-4
hatred,-4
heartbreak,-4
heartbreaking,-4
heartbreaks,-4
heartbroken,-4
heartfelt,2
heartless,-3
heartlessly,-3
heartlessness,-3
heartwarming,3
heaven,2
heavenly,2
heavens,2
heavensent,2
heavenward,2
heavenwards,2
hectic,-2
hell,-2
hellish,-3
helpful,2
helpfully,2
helpfulness,2
helping,2
helpless,-2
helplessly,-2
helplessness,-2
hero,3
herod,3
heroic,3
heroical,3
heroically,3
heroics,3
heroin,3
heroine,3
heroines,3
heroism,3
heron,3
heronry,3
herons,3
hesitancy,-1
hesitant,-1
hesitantly,-1
hesitate,-1
hesitated,-1
hesitates,-1
hesitating,-1
hesitatingly,-1
hesitation,-1
hesitations,-1
hey,2
hilarious,3
homesick,-3
homesickness,-3
honest,1
honestly,1
honesty,1
honorarium,1
honorary,1
honorific,1
honors,1
honour,1
honourable,1
honourably,1
honoured,1
honouring,1
honours,1
hope,3
hoped,2
hopeful,2
hopefully,1
hopefulness,2
hopeless,-4
hopelessly,-4
hopelessness,-4
hopes,2
hoping,2
horrendous,-4
horrendously,-4
horrible,-4
horribly,-4
horrid,-4
horridly,-4
horrific,-4
horrifically,-4
horrified,-4
horrifies,-4
horrify,-4
horrifying,-4
horrifyingly,-4
horror,-4
horrors,-4
horrorstricken,-4
hostile,-3
hostilely,-3
hostilities,-3
hostility,-3
hug,3
hugged,3
hugging,3
hugs,3
humiliate,-4
humiliated,-4
humiliates,-4
humiliating,-4
humiliatingly,-4
humiliation,-4
humiliations,-4
humorist,3
humorous,3
humorously,3
humour,3
humoured,3
humouring,3
humourless,3
humours,3
hungrier,-2
hungriest,-2
hungrily,-2
hungry,-2
hurrah,3
hurrahs,3
hurray,3
hurt,-3
hurtful,-3
hurting,-3
hurtle,-3
hurtled,-3
hurtles,-3
hurtling,-3
hurts,-3
idiot,-2
ignorable,-3
ignoramus,-3
ignoramuses,-3
ignorance,-3
ignorant,-3
ignorantly,-3
ignore,-3
ignored,-3
ignores,-3
ignoring,-3
immoral,-3
immorality,-3
immorally,-3
impatience,-2
impatient,-2
impatiently,-2
impersonal,-1
impolite,-3
impoliteness,-3
importance,1
important,1
importantly,1
impress,2
impressed,2
impresses,2
impressing,2
impression,2
impressionable,2
impressionism,2
impressionist,2
impressionistic,2
impressionists,2
impressions,2
impressive,2
impressively,2
impressiveness,2
improve,2
improved,2
improvement,2
improvements,2
improver,2
improves,2
improving,2
inadequacies,-2
inadequacy,-2
inadequate,-2
inadequately,-2
incentive,1
incentives,1
indecision,-2
indecisive,-2
indecisively,-2
indecisiveness,-2
ineffective,-2
ineffectively,-2
ineffectiveness,-2
ineffectual,-2
ineffectually,-2
ineffectualness,-2
inhibit,-2
inhibited,-2
inhibiting,-2
inhibition,-2
inhibitions,-2
inhibitor,-2
inhibitors,-2
inhibitory,-2
inhibits,-2
innocence,2
innocent,2
innocently,2
innocents,2
insecure,-2
insecurely,-2
insecurities,-2
insecurity,-2
insincere,-2
insincerely,-2
insincerity,-2
inspiration,3
inspirational,3
inspirations,3
inspire,3
inspired,3
inspires,3
inspiring,3
insult,-3
insulted,-3
insulter,-3
insulting,-3
insultingly,-3
insults,-3
intellect,2
intellects,2
intellectual,2
intellectualism,2
intellectuality,2
intellectually,2
intellectuals,2
intelligence,2
intelligences,2
intelligent,2
intelligently,2
intelligentsia,2
intelligibility,2
intelligible,2
intelligibly,2
interest,2
interested,2
interestedly,2
interesting,2
interestingly,2
interests,2
interrupt,-2
interrupted,-2
interruptibility,-2
interrupting,-2
interruption,-2
interruptions,-2
interrupts,-2
intimidate,-4
intimidated,-4
intimidates,-4
intimidating,-4
intimidation,-4
intimidatory,-4
invigorate,2
invigorated,2
invigorating,2
invigoratingly,2
irrational,-3
irrationalities,-3
irrationality,-3
irrationally,-3
irritability,-3
irritable,-3
irritably,-3
irritant,-3
irritants,-3
irritate,-3
irritated,-3
irritatedly,-3
irritates,-3
irritating,-3
irritatingly,-3
irritation,-3
irritations,-3
isolate,-2
isolated,-2
isolates,-2
isolating,-2
isolation,-2
isolationism,-2
isolationist,-2
isolator,-2
isolators,-2
jaded,-3
jealous,-3
jealousies,-3
jealously,-3
jealousy,-3
jerk,-3
jerked,-1
jerks,-3
joke,2
joked,2
joker,2
jokers,2
jokes,2
jokey,2
joking,3
jollier,3
jolliest,3
jollify,3
jollily,3
jollity,3
jolly,3
joy,3
joyed,3
joyful,3
joyfully,3
joyfulness,3
joyless,3
joylessness,3
joyous,3
joyously,3
joyousness,3
joyride,3
joyrider,3
joyriders,3
joyriding,3
joys,3
joystick,3
joysticks,3
keen,1
keener,1
keenest,1
keening,1
keenly,1
keenness,1
kidding,1
kill,-3
killed,-4
killer,-2
killing,-2
kind,2
kindly,2
kindness,2
kindnesses,2
kiss,3
kissed,3
kisser,3
kisses,3
kissing,3
lame,-3
lamed,-3
lamely,-3
lameness,-3
lament,-3
lamentable,-3
lamentably,-3
lamentation,-3
lamentations,-3
lamented,-3
lamenter,-3
lamenting,-3
laments,-3
lamest,-3
laugh,2
laughable,2
laughably,2
laughed,2
laugher,2
laughing,2
laughingly,2
laughs,2
laughter,2
lazier,-2
laziest,-2
lazy,-2
liabilities,-3
liability,-3
liar,-3
liars,-3
lied,-3
lies,-3
likeability,3
likeable,3
liked,3
likes,3
liking,3
livelier,2
liveliest,2
livelihood,2
livelihoods,2
liveliness,2
lively,2
lone,-2
lonelier,-2
loneliest,-2
loneliness,-2
lonely,-2
loner,-2
loners,-2
lonesome,-2
lonesomeness,-2
longing,-3
longingly,-3
longings,-3
lose,-2
loser,-3
losers,-3
loses,-2
losing,-3
loss,-3
losses,-3
lost,-1
louse,-3
lousiest,-3
lousily,-3
lousy,-3
love,4
loved,4
lovely,3
lover,4
lovers,4
loves,3
loving,4
low,-2
lower,-2
lowercase,-2
lowered,-2
lowering,-2
lowers,-2
lowest,-2
lowing,-2
lowish,-2
lowkey,-2
lowland,-2
lowlanders,-2
lowlands,-2
lowlier,-2
lowliest,-2
lowly,-2
lowlying,-2
lowness,-2
lowpitched,-2
lows,-2
lowspirited,-2
loyal,2
loyalist,2
loyalists,2
loyally,2
loyalties,2
loyalty,2
luck,3
luckier,3
luckiest,3
luckily,3
luckless,-3
lucky,2
ludicrous,-3
ludicrously,-3
ludicrousness,-3
lying,-4
mad,-2
maddening,-3
madder,-3
maddest,-3
madly,2
magnification,4
magnifications,4
magnificence,4
magnificent,4
magnificently,4
maniac,-3
maniacal,-3
maniacally,-3
maniacs,-3
masochism,-3
masochist,-3
masochistic,-3
masochistically,-3
masochists,-3
mate,2
melancholia,-4
melancholic,-4
melancholies,-4
melancholy,-4
merit,2
merited,2
meriting,2
meritocracy,2
meritocratic,2
meritocrats,2
meritorious,2
merits,2
merrier,2
merriest,2
merrily,2
merriment,2
merry,2
merrygoround,2
merrygorounds,2
merrymaking,2
mess,-1
messy,-1
miser,-3
miserable,-3
miserably,-3
miseries,-3
miserliness,-3
miserly,-3
misers,-3
misery,-3
miss,-2
missed,-2
misses,-3
missing,-2
mistake,-2
mistaken,-2
mistakenly,-2
mistakes,-2
mistaking,-2
mock,-3
mocked,-3
mocker,-3
mockeries,-3
mockers,-3
mockery,-3
mocking,-3
mocks,-3
molest,-4
molestation,-4
molestations,-4
molested,-4
molester,-4
molesters,-4
molesting,-4
molests,-4
moodiest,-3
moodily,-3
moodiness,-3
moody,-3
moron,-3
moronic,-3
morons,-3
mourn,-3
mourned,-3
mourner,-3
mourners,-3
mournful,-3
mournfully,-3
mournfulness,-3
mourning,-3
mourns,-3
murder,-4
murdered,-4
murderer,-4
murderers,-4
murderess,-4
murdering,-4
murderous,-4
murderously,-4
murders,-4
nag,-2
nagasaki,-2
nagged,-2
nagger,-2
nagging,-2
nags,-2
nastier,-3
nastiest,-3
nastily,-3
nastiness,-3
nasturtium,-3
nasturtiums,-3
nasty,-3
neat,1
neaten,1
neatening,1
neatens,1
neater,1
neatest,1
neatly,1
neatness,1
needy,-2
neglect,-1
neglected,-1
neglectful,-1
neglecting,-1
neglects,-1
nerd,-3
nerds,-3
nervous,-3
nervously,-3
nervousness,-3
neurotic,-3
neurotically,-3
neurotics,-3
nice,2
nicely,2
niceness,2
nicer,2
nicest,2
niceties,2
nicety,2
numb,-2
numbed,-2
number,-2
numbered,-2
numbering,-2
numberings,-2
numberless,-2
numberplate,-2
numbers,-2
numbing,-2
numbingly,-2
numbly,-2
numbness,-2
numbs,-2
numbskull,-2
nurture,1
nurtured,1
nurtures,1
nurturing,1
obnoxious,-3
obnoxiously,-3
obnoxiousness,-3
obsess,-3
obsessed,-3
obsesses,-3
obsessing,-3
obsession,-3
obsessional,-3
obsessions,-3
obsessive,-3
obsessively,-3
obsessiveness,-3
offence,-2
offences,-2
offend,-3
offended,-3
offender,-3
offenders,-3
offending,-3
offends,-3
offensive,-3
offensively,-3
offensiveness,-3
offensives,-3
ok,1
okay,1
okays,1
openminded,1
openmindedness,1
openness,1
opportune,1
opportunely,1
opportunism,1
opportunist,1
opportunistic,1
opportunistically,1
opportunists,1
opportunities,1
opportunity,1
optimal,1
optimality,1
optimally,1
optimisation,1
optimisations,1
optimise,1
optimised,1
optimiser,1
optimisers,1
optimises,1
optimising,1
optimism,1
optimist,1
optimistic,1
optimistically,1
optimists,1
original,1
outgoing,1
outrage,-3
outraged,-3
outrageous,-3
outrageously,-3
outrages,-3
outraging,-3
overwhelm,-3
overwhelmed,-3
overwhelming,-3
overwhelmingly,-3
overwhelms,-3
pain,-4
pained,-2
painful,-4
painfully,-4
painfulness,-4
paining,-4
painless,2
painlessly,2
pains,-4
palatable,2
panic,-3
panicked,-3
panicking,-3
panicky,-3
panics,-3
panicstricken,-3
paradise,4
paranoia,-3
paranoiac,-3
paranoiacs,-3
paranoid,-3
parties,1
party,1
passion,3
passionate,3
passionately,3
passionateness,3
passionless,3
passions,3
pathetic,-3
pathetically,-3
peace,1
peaceable,1
peaceably,1
peaceful,1
peacefully,1
peacefulness,1
peacekeepers,1
peacekeeping,1
peacemaker,1
peacemakers,1
peacemaking,1
peacetime,1
peculiar,-1
peculiarities,-1
peculiarity,-1
peculiarly,-1
perfect,2
perfected,2
perfectibility,2
perfecting,2
perfection,2
perfectionism,2
perfectionist,2
perfectionists,2
perfections,2
perfectly,2
perfects,2
perverse,-2
perversely,-2
perverseness,-2
perversion,-2
perversions,-2
perversity,-2
pervert,-2
perverted,-2
perverting,-2
perverts,-2
pessimism,-3
pessimist,-3
pessimistic,-3
pessimistically,-3
pessimists,-3
petrification,-4
petrified,-4
petrifies,-4
petrify,-4
petrifying,-4
pettier,-1
pettiest,-1
petty,-1
phobia,-3
phobias,-3
phobic,-3
pitiable,-3
pitiably,-3
pitied,-3
pities,-3
pitiful,-3
pitifully,-3
pitiless,-3
pitilessly,-3
play,1
played,1
playful,2
playfully,2
playfulness,2
playing,2
plays,2
pleasant,3
pleasanter,3
pleasantest,3
pleasantly,3
pleasantness,3
pleasantries,3
pleasantry,3
please,2
pleased,2
pleases,2
pleasing,3
pleasurable,3
pleasurably,3
pleasure,3
pleasures,3
poison,-3
poisoned,-3
poisoner,-3
poisoning,-3
poisonings,-3
poisonous,-3
poisons,-3
poor,-2
popular,3
popularisation,3
popularisations,3
popularise,3
popularised,3
popularising,3
popularity,3
popularly,3
positive,3
positively,3
positiveness,3
positives,3
positivism,3
positivist,3
positivists,3
positivity,3
praise,3
praised,3
praises,3
praiseworthy,3
praising,3
precious,3
preciously,3
preciousness,3
prejudice,-3
prejudiced,-3
prejudices,-3
prejudicial,-3
prejudicing,-3
pressure,-2
pressurecooking,-2
pressured,-2
pressures,-2
pressuring,-2
pressurise,-2
pressurised,-2
pressurises,-2
pressurising,-2
prettier,3
prettiest,3
pretty,3
prick,-3
pricked,-3
pricking,-3
prickle,-3
prickled,-3
prickles,-3
pricklier,-3
prickliest,-3
prickliness,-3
prickling,-3
prickly,-3
pricks,-3
pride,2
privilege,2
privileged,2
privileges,2
privileging,2
prize,3
prized,3
prizer,3
prizes,3
prizewinner,3
problem,-2
problematic,-2
problematical,-2
problematically,-2
problems,-2
profit,3
profitability,3
profitable,3
profitably,3
profited,3
profiteering,3
profiteers,3
profiteroles,3
profiting,3
profitless,3
profits,3
profittaking,3
promiscuity,2
promiscuous,2
promiscuously,2
promise,2
promised,2
promises,2
promising,2
promisingly,2
promissory,2
protest,-2
protested,-2
protesting,-2
proud,2
prouder,2
proudest,2
proudly,2
puke,-3
puking,-3
punish,-2
punishable,-2
punished,-2
punishes,-2
punishing,-2
punishment,-2
punishments,-2
radian,3
radiance,3
radiancy,3
radians,3
radiant,3
radiantly,3
rage,-4
raged,-4
rages,-4
raging,-4
rancid,-3
rape,-4
raped,-4
rapes,-4
rapeseed,-4
raping,-4
rapist,-4
rapists,-4
rat,-2
readiness,1
ready,1
reassurance,2
reassurances,2
reassure,2
reassured,2
reassures,2
reassuring,2
reassuringly,2
rebel,-2
rebelled,-2
rebelling,-2
rebellion,-2
rebellions,-2
rebellious,-2
rebelliously,-2
rebelliousness,-2
rebels,-2
reek,-3
reeked,-3
reeking,-3
reeks,-3
regret,-2
regretful,-2
regretfully,-2
regrets,-2
regrettable,-2
regrettably,-2
regretted,-2
regretting,-2
reject,-2
rejected,-2
rejecting,-2
rejection,-2
rejections,-2
rejects,-2
relax,3
relaxant,3
relaxants,3
relaxation,3
relaxations,3
relaxed,3
relaxes,3
relaxing,3
relaxingly,3
relief,2
relieve,2
relieved,2
relieves,2
relieving,2
reluctance,-2
reluctant,-2
reluctantly,-2
remorse,-3
remorseful,-3
remorsefully,-3
remorseless,-3
remorselessly,-3
repress,-2
repressed,-2
represses,-2
repressing,-2
repression,-2
repressions,-2
repressive,-2
repressively,-2
resent,-3
resented,-3
resentful,-3
resentfully,-3
resenting,-3
resentment,-3
resentments,-3
resents,-3
resign,-2
resignal,-2
resignation,-2
resignations,-2
resigned,-2
resignedly,-2
resigning,-2
resigns,-2
resolvability,2
resolvable,2
resolve,2
resolved,2
resolvent,2
resolver,2
resolvers,2
resolves,2
resolving,2
restless,-2
restlessly,-2
restlessness,-2
revenge,-2
revenged,-2
revengeful,-2
revenges,-2
reward,2
rewarded,2
rewarding,2
rewards,2
rich,1
richer,1
riches,1
richest,1
richly,1
richness,1
ridicule,-2
ridiculed,-2
ridicules,-2
ridiculing,-2
ridiculous,-2
ridiculously,-2
ridiculousness,-2
rigid,-2
rigidifies,-2
rigidify,-2
rigidities,-2
rigidity,-2
rigidly,-2
risk,-2
risked,-2
riskier,-2
riskiest,-2
riskiness,-2
risking,-2
risks,-2
risky,-2
rock,2
romance,4
romanced,4
romancer,4
romances,4
romancing,4
romantic,4
romantically,4
romanticised,4
romanticises,4
romanticising,4
romanticism,4
romantics,4
rotten,-3
rude,-3
rudely,-3
rudeness,-3
ruder,-3
rudest,-3
ruin,-2
ruination,-2
ruinations,-2
ruined,-2
ruiner,-2
ruining,-2
ruinous,-2
ruinously,-2
ruins,-2
sad,-4
sadden,-4
saddened,-4
saddening,-4
saddens,-4
sadder,-4
saddest,-4
sadly,-2
sadness,-4
safe,2
safeguard,2
safeguarded,2
safeguarding,2
safeguards,2
safely,2
safeness,2
safer,2
safes,2
safest,2
safeties,2
safety,2
sarcasm,-3
sarcasms,-3
sarcastic,-3
sarcastically,-3
satisfaction,2
satisfactions,2
satisfactorily,2
satisfactory,2
satisfiable,2
satisfied,2
satisfies,2
satisfy,2
satisfying,2
satisfyingly,2
savage,-3
savaged,-3
savagely,-3
savagery,-3
savages,-3
save,2
scare,-4
scarecrow,-4
scarecrows,-4
scared,-4
scaremonger,-4
scaremongering,-4
scares,-4
scariest,-4
scaring,-4
scary,-4
sceptic,-2
sceptical,-2
sceptically,-2
scepticism,-2
sceptics,-2
scream,-4
screamed,-4
screamer,-4
screamers,-4
screaming,-4
screamingly,-4
screams,-4
screw,-3
screwdriver,-3
screwdrivers,-3
screwed,-3
screwing,-3
screws,-3
screwy,-3
scum,-3
secure,2
secured,2
securely,2
securer,2
secures,2
securest,2
securing,2
securities,2
security,2
selfish,-4
selfishly,-4
selfishness,-4
sentimental,3
sentimentalised,3
sentimentalism,3
sentimentalist,3
sentimentality,3
sentimentally,3
serious,-2
seriously,-1
seriousness,-2
severe,-2
severed,-2
severely,-2
severer,-2
severest,-2
sexy,3
shake,-2
shakeable,-2
shakedown,-2
shaken,-2
shaker,-2
shakers,-2
shakes,-2
shakeup,-2
shakeups,-2
shakier,-2
shakiest,-2
shakily,-2
shaking,-2
shaky,-2
shame,-3
shamed,-3
shamefaced,-3
shamefacedly,-3
shameful,-3
shamefully,-3
shameless,-3
shamelessly,-3
shamelessness,-3
shames,-3
share,1
shared,1
shares,1
sharing,1
shock,-3
shocked,-3
shocker,-3
shockers,-3
shocking,-3
shockingly,-3
shocks,-3
shook,-2
shy,-3
shyer,-3
shyest,-3
shying,-3
shyly,-3
shyness,-3
sick,-3
sicken,-4
sickened,-4
sickening,-4
sickeningly,-4
sickens,-4
sillier,2
silliest,2
silliness,2
silly,2
sin,-2
sincere,1
sincerely,1
sincerest,1
sincerity,1
sinister,-4
sins,-3
skeptic,-2
slut,-3
sluts,-3
smart,2
smarted,2
smarten,2
smartened,2
smartening,2
smarter,2
smartest,2
smarting,2
smartly,2
smartness,2
smarts,2
smile,3
smiled,3
smiler,3
smilers,3
smiles,3
smiling,3
smilingly,3
smother,-2
smothered,-2
smothering,-2
smothers,-2
smug,-2
smuggle,-2
smuggled,-2
smuggler,-2
smugglers,-2
smuggles,-2
smuggling,-2
smugly,-2
smugness,-2
sneak,-2
sneaked,-2
sneakers,-2
sneakier,-2
sneakiest,-2
sneakily,-2
sneaking,-2
sneaks,-2
sneaky,-2
snob,-3
snobbery,-3
snobbish,-3
snobbishly,-3
snobbishness,-3
snobs,-3
sob,-4
sobbed,-4
sobbing,-4
sobs,-4
sociability,2
sociable,2
sociably,2
solemn,-3
solemnities,-3
solemnity,-3
solemnly,-3
sorrow,-3
sorrowed,-3
sorrowful,-3
sorrowfully,-3
sorrowing,-3
sorrows,-3
sorry,-2
spam,-2
special,2
spite,-4
spiteful,-4
spitefully,-4
splendid,3
splendidly,3
splendour,3
splendours,3
squirm,-3
squirmed,-3
squirming,-3
squirms,-3
stammer,-2
stammered,-2
stammering,-2
stammers,-2
stank,-3
startle,-2
startled,-2
startles,-2
startling,-2
startlingly,-2
steal,-3
stealer,-3
stealers,-3
stealing,-3
steals,-3
stealth,-3
stealthier,-3
stealthiest,-3
stealthily,-3
stealthy,-3
stench,-3
stenches,-3
stink,-3
stinker,-3
stinkers,-3
stinking,-3
stinks,-3
stinky,-3
strain,-2
strained,-2
strainer,-2
strainers,-2
straining,-2
strains,-2
strange,-1
strength,1
strengthen,1
strengthened,1
strengthening,1
strengthens,1
strengths,1
stress,-2
stressed,-2
stresses,-2
stressful,-2
stressfulness,-2
stressing,-2
strong,1
stronger,1
strongest,1
stronghold,1
strongholds,1
strongish,1
strongly,1
strongman,1
strongmen,1
strongminded,1
strongroom,1
struggle,-2
struggled,-2
struggles,-2
struggling,-2
stubborn,-3
stubbornly,-3
stubbornness,-3
stunned,-2
stuns,-2
stupid,-2
stupider,-2
stupidest,-2
stupidities,-2
stupidity,-2
stupidly,-2
stutter,-2
stuttered,-2
stuttering,-2
stutters,-2
submissive,-2
submissively,-2
submissiveness,-2
succeed,3
succeeded,3
succeeding,3
succeeds,3
success,3
successes,3
successful,3
successfully,3
succession,3
successions,3
successive,3
successively,3
successor,3
successors,3
suck,-2
sucked,-2
sucker,-2
suckers,-2
sucks,-2
suffer,-4
suffered,-4
sufferer,-4
sufferers,-4
suffering,-4
suffers,-4
sunnier,2
sunniest,2
sunny,2
sunshine,2
sup,2
super,3
superior,3
superiority,3
superiors,3
support,2
supported,2
supporter,2
supporters,2
supporting,2
supportive,2
supports,2
supremacist,3
supremacy,3
supremal,3
supreme,3
supremely,3
supremo,3
sure,1
surefooted,1
surely,1
sureness,1
surer,1
surest,1
sureties,1
surety,1
surprise,1
surprised,1
surprises,1
surprising,1
surprisingly,1
suspicion,-2
suspicions,-2
suspicious,-2
suspiciously,-2
sweet,2
sweetheart,3
sweethearts,3
sweetie,3
sweetly,2
sweetness,3
sweets,2
talent,2
talented,2
talentless,2
talents,2
tantrum,-3
tantrums,-3
tears,-4
teas,-3
tease,-3
teased,-3
teaser,-3
teasers,-3
teases,-3
teashop,-3
teashops,-3
teasing,-3
teasingly,-3
teaspoon,-3
teaspoonful,-3
teaspoonfuls,-3
teaspoons,-3
temper,-3
tempers,-1
tender,3
tendered,3
tenderer,3
tenderest,3
tendering,3
tenderly,3
tenderness,3
tenders,3
tense,-3
tensed,-3
tensely,-3
tenseness,-3
tenser,-3
tenses,-3
tensest,-3
tensing,-3
tension,-3
tensional,-3
tensioned,-3
tensions,-3
terrible,-4
terribly,-4
terrific,4
terrifically,4
terrified,-4
terrifies,-4
terrify,-4
terrifying,-4
terror,-3
terrorise,-3
terrorised,-3
terrorising,-3
terrorism,-3
terrorist,-3
terrorists,-3
terrors,-3
terrorstricken,-3
thank,2
thanked,1
thankful,2
thankfully,2
thankfulness,2
thanks,2
thief,-2
thieve,-2
thieved,-2
thievery,-2
thieves,-2
thirsty,-2
thoughtful,2
thoughtfully,2
thoughtfulness,2
threat,-3
threaten,-3
threatened,-3
threatening,-3
threateningly,-3
threatens,-3
threats,-3
thrill,4
thrilled,4
thriller,4
thrillers,4
thrilling,4
thrillingly,4
thrills,4
ticked,-1
timid,-2
timidity,-2
timidly,-2
tolerance,2
tolerances,2
tolerant,2
tolerantly,2
torture,-4
tortured,-4
torturer,-4
torturers,-4
tortures,-4
torturing,-4
torturous,-4
tough,-2
toughen,-2
toughened,-2
toughens,-2
tougher,-2
toughest,-2
toughie,-2
toughies,-2
toughly,-2
toughness,-2
toughs,-2
tragedian,-3
tragedians,-3
tragedies,-3
tragedy,-3
tranquil,2
tranquillise,2
tranquillised,2
tranquilliser,2
tranquillisers,2
tranquillity,2
tranquilly,2
trauma,-4
traumas,-4
traumata,-4
traumatic,-4
traumatise,-4
traumatised,-4
treasure,2
treasured,2
treasurer,2
treasurers,2
treasurership,2
treasures,2
treasuries,2
treasuring,2
treasury,2
treat,2
tremble,-3
trembled,-3
trembler,-3
trembles,-3
trembling,-3
tremblingly,-3
tremblings,-3
trick,-2
tricked,-2
trickery,-2
trickier,-2
trickiest,-2
trickily,-2
tricking,-2
trickle,-2
trickled,-2
trickles,-2
trickling,-2
tricks,-2
trickster,-2
tricksters,-2
tricky,-2
trite,-3
triumph,3
triumphal,3
triumphalism,3
triumphalist,3
triumphant,3
triumphantly,3
triumphed,3
triumphing,3
triumphs,3
trivia,-2
trivial,-2
trivialisation,-2
trivialisations,-2
trivialise,-2
trivialised,-2
trivialises,-2
trivialising,-2
trivialities,-2
triviality,-2
trivially,-2
trouble,-1
troubled,-1
troublemaker,-1
troublemakers,-1
troubles,-1
troubleshooter,-1
troubleshooters,-1
troubleshooting,-1
troublesome,-1
troublesomeness,-1
troubling,-1
truer,2
truest,2
truly,2
trust,2
trusted,2
trustee,2
trustees,2
trusteeship,2
trustful,2
trustfully,2
trustfulness,2
trusties,2
trusting,2
trustingly,2
trusts,2
trustworthiness,2
trustworthy,2
trusty,2
truth,2
truthful,2
truthfully,2
truthfulness,2
truths,2
turmoil,-3
uglier,-3
ugliest,-3
uglification,-3
ugliness,-3
ugly,-3
unattractive,-3
uncertain,-1
uncertainly,-1
uncertainties,-1
uncertainty,-1
uncomfortable,-3
uncomfortableness,-3
uncomfortably,-3
uncontrollable,-2
uncontrollably,-2
uncontrolled,-2
unease,-2
uneasier,-2
uneasiest,-2
uneasily,-2
uneasiness,-2
uneasy,-2
unfortunate,-2
unfortunately,-2
unfortunates,-2
unfriendly,-3
ungrateful,-3
ungratefully,-3
unhappier,-3
unhappiest,-3
unhappily,-3
unhappiness,-3
unhappy,-3
unimportant,-2
unimpressed,-2
unimpressive,-2
unkind,-3
unlovable,-3
unloved,-3
unlovely,-3
unloving,-3
unpleasant,-3
unprotected,-3
unsavory,-3
unsavoury,-3
unsuccessful,-3
unsuccessfully,-3
unsure,-1
unsureness,-1
unwelcome,-3
unwelcoming,-3
upset,-3
upsets,-3
upsetting,-3
useful,2
usefully,2
usefulness,2
vain,-3
valuable,2
valuables,2
value,2
valued,2
values,2
valuing,2
vanity,-2
vicious,-4
viciously,-4
viciousness,-4
victim,-3
victimisation,-3
victimise,-3
victimised,-3
victimises,-3
victimising,-3
victimless,-3
victims,-3
vigorous,1
vigorously,1
vigour,1
vile,-4
villain,-3
villainous,-3
villains,-3
villainy,-3
violate,-4
violated,-4
violates,-4
violating,-4
violation,-4
violations,-4
violator,-4
violators,-4
violent,-3
violently,-3
virtue,3
virtues,3
virtuosi,3
virtuosic,3
virtuosity,3
virtuoso,3
virtuous,3
virtuously,3
vital,1
vitalise,1
vitality,1
vitally,1
vitals,1
vulnerabilities,-3
vulnerability,-3
vulnerable,-3
vulture,-3
vultures,-3
war,-3
warfare,-3
warm,1
warmblooded,1
warmed,1
warmer,1
warmers,1
warmest,1
warmhearted,1
warmheartedness,1
warming,1
warmish,1
warmly,1
warmness,1
warmonger,1
warms,1
warmth,1
warmup,1
warred,-3
warring,-3
wars,-3
weak,-2
weaken,-2
weakened,-2
weakening,-2
weakens,-2
weaker,-2
weakest,-2
weakish,-2
weakkneed,-2
weakling,-2
weaklings,-2
weakly,-2
weakminded,-2
weakness,-2
weaknesses,-2
wealth,1
wealthier,1
wealthiest,1
wealthy,1
weapon,-1
weaponry,-1
weapons,-1
weep,-3
weeper,-3
weeping,-3
weepings,-3
weeps,-3
weepy,-3
weird,-2
weirder,-2
weirdest,-2
weirdly,-2
weirdness,-2
weirdo,-2
welcome,2
welcomed,2
welcomer,2
welcomes,2
welcoming,2
well,2
welladjusted,2
wellbalanced,2
wellbehaved,2
wellbeing,2
wellbeloved,2
wellborn,2
wellbred,2
wellbuilt,2
wellchosen,2
wellconnected,2
welldefined,2
welldeserved,2
welldesigned,2
welldeveloped,2
welldisposed,2
welldressed,2
wellearned,2
welled,2
welleducated,2
wellendowed,2
wellequipped,2
wellestablished,2
wellfed,2
wellformed,2
wellfounded,2
wellgrounded,2
wellhead,2
wellinformed,2
welling,2
wellington,2
wellingtons,2
wellintentioned,2
wellkept,2
wellknown,2
wellliked,2
wellloved,2
wellmade,2
wellmannered,2
wellmarked,2
wellmatched,2
wellmeaning,2
wellmeant,2
welloff,2
wellordered,2
wellorganised,2
wellpaid,2
wellplaced,2
wellprepared,2
wellpreserved,2
wellread,2
wellreceived,2
wellrounded,2
wells,2
wellspoken,2
wellstructured,2
wellsupported,2
welltaken,2
wellthoughtout,2
welltimed,2
welltodo,2
welltried,2
wellused,2
wellwisher,2
wellwishers,2
wellworn,2
welly,2
wept,-4
whine,-3
whined,-3
whines,-3
whining,-3
whore,-3
whorehouse,-3
whores,-3
wicked,3
wickedness,-3
wimp,-3
wimple,-3
wimpy,-3
win,1
winnable,1
winner,1
winners,1
winning,1
winningly,1
winnings,1
winnow,1
winnowing,1
wins,1
wisdom,1
wise,1
wisecracks,1
wiseguys,1
wisely,1
wiser,1
wisest,1
witch,-1
woe,-2
woebegone,-2
woeful,-2
woefully,-2
woes,-2
won,1
wonderful,3
wonderfully,3
wonderfulness,3
worried,-4
worriedly,-4
worrier,-4
worriers,-4
worries,-4
worrisome,-4
worry,-4
worrying,-4
worryingly,-4
worse,-3
worsen,-3
worsened,-3
worsening,-3
worsens,-3
worser,-3
worship,2
worshipful,2
worshipped,2
worshipper,2
worshippers,2
worshipping,2
worships,2
worst,-3
worthwhile,2
wow,3
wowed,3
wows,3
wrong,-2
wrongdoer,-2
wrongdoers,-2
wrongdoing,-2
wrongdoings,-2
wronged,-2
wronger,-2
wrongest,-2
wrongful,-2
wrongfully,-2
wronging,-2
wrongly,-2
wrongness,-2
wrongs,-2
x,2
xx,2
xxx,2
xxxx,2
xxxxx,2
xxxxxx,2
yearn,-2
yearned,-2
yearning,-2
yearningly,-2
yearnings,-2
yearns,-2
ending,-3
alol,2
bff,2
bg,2
cid,-4
fud,-2
g,2
gal,-1
gmbo,2
h8,-4
hhis,-3
jk,2
lmao,3
lol,2
luv,2
shid,-2
rofl,3
darkqoutes,-2
ptsd,-4
suicide,-4
bipolar,-4
bpd,-4
selfharm,-4
heartbroken,-4
death,-4
ocd,-4
sadquotes,-3
chronicpain,-4
adhd,-4
chronicillness,-4
fibromyalgia,-4
brokenheart,-4
anxiety,-4
depressionquotes,-4
bpd,-4
mentalillness,-4
borderlinepersonalitydisorder,-4
anorexia,-4
depressionhelp,-4
depressionen,-4
depressionisreal,-4
depressionhurts,-4
mentalhealth,
anxietydepression,
depressionanxiety,-4
alzheimers,-4
mdd,-4
dysthymia,-4
postpartum,-4
pmdd,-4
seasonalffectiveisorder,-4
subsyndromal,-4
pdd,-4
pms,-4
premenstrualdysphoricdisorder,-4
disruptivemooddysregulationdisorder,-4
ppd,-4
postpartumdepression,-4
perinataldisorder,-4
substanceinducedmooddisorder,-4
psychoticdisorders,-4
schizophrenia,-4
substanceabusedisorder,-4
autism,-4
pyromania,-4
insomnia,-3
hypersomnolence,-4
parasomnias ,-4
dysthymia,-4
delirium,-4
hallucinations,-4
trichotillomania,-4
obsessivecompulsivedisorder,-4
hoardingdisorder,-4
excoriation ,-4
excoriationdisorder,-4
avoidantpersonalitydisorder,-4
agoraphobia,-4
disorder,-3
antisocial,-4
asperger,-4
atelophobia,-4
autophagia,-4
bibliomania,-4
borderline,-3
capgras,-4
claustrophobia,-4
derealization,-4
dermatillomania,-4
desynchronosis,-4
diogenes ,-4
dyslexia,-4
dyscalculia,-4
narcolepsy,-4
epilepsy,-4
encopresis,-4
erotomania,-4
ganser,-3
huntington's,-4
hypomanic,-4
hypochondriasis,-4
hysteria,-4
korsakoff's,-3
amnesia,-4
neurocysticercosis,-4
ocpd,-4
oneirophrenia,-4
ondine's ,-4
orthorexia,-4
tourettes,-4
syndrome,-3
schizoaffective,-4
"
schizoid ",-3
schizophreniform,-3
somatization,-3
somatoform,-3
pyromania,-3
parasomnia,-3
parkinson's,-3
partialism,-3
psychosis,-3
hahaha,3
haha,3
hahahaha,3
